Location,Score,Author,Title,Year
1.1.1,0.666,"Garrett, Don",Humes Self-Doubts About Personal Identity,1981
1.1.2,0.333,"Garrett, Don",Humes Self-Doubts About Personal Identity,1981
1.1.6,0.031,"Garrett, Don",Humes Self-Doubts About Personal Identity,1981
1.1.7,1.969,"Garrett, Don",Humes Self-Doubts About Personal Identity,1981
1.3.4,0.778,"Garrett, Don",Humes Self-Doubts About Personal Identity,1981
1.3.5,1.221,"Garrett, Don",Humes Self-Doubts About Personal Identity,1981
1.3.14,0.5,"Garrett, Don",Humes Self-Doubts About Personal Identity,1981
1.3.15,0.997,"Garrett, Don",Humes Self-Doubts About Personal Identity,1981
1.4.2,0.998,"Garrett, Don",Humes Self-Doubts About Personal Identity,1981
1.4.5,1.666,"Garrett, Don",Humes Self-Doubts About Personal Identity,1981
1.4.6,5.33,"Garrett, Don",Humes Self-Doubts About Personal Identity,1981
2.1.1,0.25,"Garrett, Don",Humes Self-Doubts About Personal Identity,1981
2.1.2,0.75,"Garrett, Don",Humes Self-Doubts About Personal Identity,1981
2.1.8,0.666,"Garrett, Don",Humes Self-Doubts About Personal Identity,1981
2.1.9,0.333,"Garrett, Don",Humes Self-Doubts About Personal Identity,1981
2.3.1,0.999,"Garrett, Don",Humes Self-Doubts About Personal Identity,1981
App.,1.5,"Garrett, Don",Humes Self-Doubts About Personal Identity,1981
1.3.13,0.2,"Garral, Michael D.",Is the Self in Hume Overmoralized?,2007
1.3.15,0.654,"Garral, Michael D.",Is the Self in Hume Overmoralized?,2007
1.3.16,0.15,"Garral, Michael D.",Is the Self in Hume Overmoralized?,2007
3.1.2,1.0,"Garral, Michael D.",Is the Self in Hume Overmoralized?,2007
3.2.1,3.337,"Garral, Michael D.",Is the Self in Hume Overmoralized?,2007
3.2.2,1.165,"Garral, Michael D.",Is the Self in Hume Overmoralized?,2007
3.2.5,3.499,"Garral, Michael D.",Is the Self in Hume Overmoralized?,2007
3.2.6,0.999,"Garral, Michael D.",Is the Self in Hume Overmoralized?,2007
3.2.8,1.001,"Garral, Michael D.",Is the Self in Hume Overmoralized?,2007
3.2.11,2.001,"Garral, Michael D.",Is the Self in Hume Overmoralized?,2007
3.3.1,0.999,"Garral, Michael D.",Is the Self in Hume Overmoralized?,2007
3.3.2,0.999,"Garral, Michael D.",Is the Self in Hume Overmoralized?,2007
3.3.3,1.074,"Garral, Michael D.",Is the Self in Hume Overmoralized?,2007
3.3.4,1.853,"Garral, Michael D.",Is the Self in Hume Overmoralized?,2007
3.3.5,0.074,"Garral, Michael D.",Is the Self in Hume Overmoralized?,2007
1.1.1,1.0,"Kail, P. J. E.",Projection and Realism in Humes Philosophy,2007
1.1.4,1.0,"Kail, P. J. E.",Projection and Realism in Humes Philosophy,2007
1.1.7,3.0,"Kail, P. J. E.",Projection and Realism in Humes Philosophy,2007
1.3.14,1.0,"Kail, P. J. E.",Projection and Realism in Humes Philosophy,2007
1.4.2,3.0,"Kail, P. J. E.",Projection and Realism in Humes Philosophy,2007
1.4.5,3.0,"Kail, P. J. E.",Projection and Realism in Humes Philosophy,2007
1.4.6,19.008,"Kail, P. J. E.",Projection and Realism in Humes Philosophy,2007
2.2.1,0.27,"Kail, P. J. E.",Projection and Realism in Humes Philosophy,2007
2.2.6,1.0,"Kail, P. J. E.",Projection and Realism in Humes Philosophy,2007
2.2.10,0.3,"Kail, P. J. E.",Projection and Realism in Humes Philosophy,2007
2.2.11,0.18,"Kail, P. J. E.",Projection and Realism in Humes Philosophy,2007
2.2.12,0.24,"Kail, P. J. E.",Projection and Realism in Humes Philosophy,2007
App.,17.0,"Kail, P. J. E.",Projection and Realism in Humes Philosophy,2007
Abs,1.0,"Kail, P. J. E.",Projection and Realism in Humes Philosophy,2007
App.,0.999,"Pears, David",Hume on Personal Identity,1993
1.1.1,1.0,"Mcintyre, Jane L.",Hume and the Problem of Personal Identity,2009
1.1.2,1.0,"Mcintyre, Jane L.",Hume and the Problem of Personal Identity,2009
1.1.5,1.0,"Mcintyre, Jane L.",Hume and the Problem of Personal Identity,2009
1.3.9,3.0,"Mcintyre, Jane L.",Hume and the Problem of Personal Identity,2009
1.3.10,1.0,"Mcintyre, Jane L.",Hume and the Problem of Personal Identity,2009
1.3.14,2.0,"Mcintyre, Jane L.",Hume and the Problem of Personal Identity,2009
1.4.2,8.901,"Mcintyre, Jane L.",Hume and the Problem of Personal Identity,2009
1.4.4,1.992,"Mcintyre, Jane L.",Hume and the Problem of Personal Identity,2009
1.4.5,24.126,"Mcintyre, Jane L.",Hume and the Problem of Personal Identity,2009
1.4.6,24.079,"Mcintyre, Jane L.",Hume and the Problem of Personal Identity,2009
1.4.7,0.999,"Mcintyre, Jane L.",Hume and the Problem of Personal Identity,2009
2.1.2,1.0,"Mcintyre, Jane L.",Hume and the Problem of Personal Identity,2009
2.1.5,3.001,"Mcintyre, Jane L.",Hume and the Problem of Personal Identity,2009
2.1.7,0.999,"Mcintyre, Jane L.",Hume and the Problem of Personal Identity,2009
2.1.9,1.0,"Mcintyre, Jane L.",Hume and the Problem of Personal Identity,2009
2.1.11,1.0,"Mcintyre, Jane L.",Hume and the Problem of Personal Identity,2009
2.2.2,1.0,"Mcintyre, Jane L.",Hume and the Problem of Personal Identity,2009
2.2.9,1.0,"Mcintyre, Jane L.",Hume and the Problem of Personal Identity,2009
2.3.2,2.0,"Mcintyre, Jane L.",Hume and the Problem of Personal Identity,2009
2.3.3,1.0,"Mcintyre, Jane L.",Hume and the Problem of Personal Identity,2009
2.3.6,1.0,"Mcintyre, Jane L.",Hume and the Problem of Personal Identity,2009
2.3.7,1.0,"Mcintyre, Jane L.",Hume and the Problem of Personal Identity,2009
3.1.2,1.0,"Mcintyre, Jane L.",Hume and the Problem of Personal Identity,2009
App.,7.998,"Mcintyre, Jane L.",Hume and the Problem of Personal Identity,2009
1.1.1,1.0,"Inukai, Yumiko",Jamess Answer to Hume The Empirical Basis of the Unified Self,2012
1.1.2,1.0,"Inukai, Yumiko",Jamess Answer to Hume The Empirical Basis of the Unified Self,2012
1.1.3,2.0,"Inukai, Yumiko",Jamess Answer to Hume The Empirical Basis of the Unified Self,2012
1.1.4,1.0,"Inukai, Yumiko",Jamess Answer to Hume The Empirical Basis of the Unified Self,2012
1.1.7,2.0,"Inukai, Yumiko",Jamess Answer to Hume The Empirical Basis of the Unified Self,2012
1.3.5,1.0,"Inukai, Yumiko",Jamess Answer to Hume The Empirical Basis of the Unified Self,2012
1.3.14,3.0,"Inukai, Yumiko",Jamess Answer to Hume The Empirical Basis of the Unified Self,2012
1.4.5,1.0,"Inukai, Yumiko",Jamess Answer to Hume The Empirical Basis of the Unified Self,2012
1.4.6,3.0,"Inukai, Yumiko",Jamess Answer to Hume The Empirical Basis of the Unified Self,2012
App.,2.0,"Inukai, Yumiko",Jamess Answer to Hume The Empirical Basis of the Unified Self,2012
1.1.1,1.0,"Ellis, Jonathan",The Contents of Humes Appendix and the Source of His Despair,2006
1.1.4,1.001,"Ellis, Jonathan",The Contents of Humes Appendix and the Source of His Despair,2006
1.3.8,4.008,"Ellis, Jonathan",The Contents of Humes Appendix and the Source of His Despair,2006
1.3.14,2.016,"Ellis, Jonathan",The Contents of Humes Appendix and the Source of His Despair,2006
1.4.2,4.925,"Ellis, Jonathan",The Contents of Humes Appendix and the Source of His Despair,2006
1.4.5,5.032,"Ellis, Jonathan",The Contents of Humes Appendix and the Source of His Despair,2006
1.4.6,77.375,"Ellis, Jonathan",The Contents of Humes Appendix and the Source of His Despair,2006
App.,38.0,"Ellis, Jonathan",The Contents of Humes Appendix and the Source of His Despair,2006
1.1.4,1.001,"Roth, Abraham Sesshu",What Was Humes Problem with Personal Identity?,2000
1.4.2,2.925,"Roth, Abraham Sesshu",What Was Humes Problem with Personal Identity?,2000
1.4.3,3.003,"Roth, Abraham Sesshu",What Was Humes Problem with Personal Identity?,2000
1.4.6,3.024,"Roth, Abraham Sesshu",What Was Humes Problem with Personal Identity?,2000
1.4.5,0.333,"Pappas, George S.",Perception of the Self,1992
1.4.6,2.673,"Pappas, George S.",Perception of the Self,1992
1.4.6,1.008,"Lybaert, Fauve",Could Hume Save His Account of Personal Identity? On the Role of Contiguity in the Constitution of Our Idea of Personal Identity,2012
1.2.1,1.999,"Garrett, Don",Book Review. Space and the Self in Humes Treatise Marina Frasca-spada,2001
1.2.2,1.0,"Garrett, Don",Book Review. Space and the Self in Humes Treatise Marina Frasca-spada,2001
1.4.5,0.999,"Garrett, Don",Book Review. Space and the Self in Humes Treatise Marina Frasca-spada,2001
1.1.7,1.0,"Hatfield, Gary","Hume, Space, and the Self",2009
1.2.1,1.0,"Hatfield, Gary","Hume, Space, and the Self",2009
1.2.4,0.999,"Hatfield, Gary","Hume, Space, and the Self",2009
1.2.5,2.0,"Hatfield, Gary","Hume, Space, and the Self",2009
1.4.6,0.999,"Hatfield, Gary","Hume, Space, and the Self",2009
1.2.6,1.0,"Noonan, Harold",The Self and Personal Identity,2012
1.3.9,1.0,"Noonan, Harold",The Self and Personal Identity,2012
1.4.2,12.0,"Noonan, Harold",The Self and Personal Identity,2012
1.4.3,2.0,"Noonan, Harold",The Self and Personal Identity,2012
1.4.4,3.0,"Noonan, Harold",The Self and Personal Identity,2012
1.4.5,9.0,"Noonan, Harold",The Self and Personal Identity,2012
1.4.6,21.0,"Noonan, Harold",The Self and Personal Identity,2012
1.4.7,1.0,"Noonan, Harold",The Self and Personal Identity,2012
App.,3.0,"Noonan, Harold",The Self and Personal Identity,2012
1.4.2,3.0,"Greco, Lorenzo",The Self as Narrative in Hume,2015
1.4.5,3.008,"Greco, Lorenzo",The Self as Narrative in Hume,2015
1.4.6,29.055,"Greco, Lorenzo",The Self as Narrative in Hume,2015
1.4.7,1.0,"Greco, Lorenzo",The Self as Narrative in Hume,2015
2.1.2,7.002,"Greco, Lorenzo",The Self as Narrative in Hume,2015
2.1.3,1.0,"Greco, Lorenzo",The Self as Narrative in Hume,2015
2.1.5,2.001,"Greco, Lorenzo",The Self as Narrative in Hume,2015
2.1.8,1.0,"Greco, Lorenzo",The Self as Narrative in Hume,2015
2.1.9,1.0,"Greco, Lorenzo",The Self as Narrative in Hume,2015
2.1.11,3.008,"Greco, Lorenzo",The Self as Narrative in Hume,2015
2.2.1,1.0,"Greco, Lorenzo",The Self as Narrative in Hume,2015
2.2.2,3.0,"Greco, Lorenzo",The Self as Narrative in Hume,2015
2.2.4,1.0,"Greco, Lorenzo",The Self as Narrative in Hume,2015
2.2.5,1.0,"Greco, Lorenzo",The Self as Narrative in Hume,2015
2.3.7,2.0,"Greco, Lorenzo",The Self as Narrative in Hume,2015
3.3.1,4.0,"Greco, Lorenzo",The Self as Narrative in Hume,2015
3.3.2,2.008,"Greco, Lorenzo",The Self as Narrative in Hume,2015
3.3.4,1.005,"Greco, Lorenzo",The Self as Narrative in Hume,2015
App.,3.0,"Greco, Lorenzo",The Self as Narrative in Hume,2015
1.1.1,2.0,"Ainslie, Donald C.",Projection and Realism in Humes Philosophy. By P. J. E. Kail,2009
1.1.7,1.0,"Ainslie, Donald C.",Projection and Realism in Humes Philosophy. By P. J. E. Kail,2009
1.2.5,1.0,"Ainslie, Donald C.",Projection and Realism in Humes Philosophy. By P. J. E. Kail,2009
1.2.6,1.0,"Ainslie, Donald C.",Projection and Realism in Humes Philosophy. By P. J. E. Kail,2009
1.3.8,0.999,"Ainslie, Donald C.",Projection and Realism in Humes Philosophy. By P. J. E. Kail,2009
1.3.14,3.0,"Ainslie, Donald C.",Projection and Realism in Humes Philosophy. By P. J. E. Kail,2009
1.4.2,0.975,"Ainslie, Donald C.",Projection and Realism in Humes Philosophy. By P. J. E. Kail,2009
1.4.5,1.0,"Ainslie, Donald C.",Projection and Realism in Humes Philosophy. By P. J. E. Kail,2009
1.4.6,1.001,"Ainslie, Donald C.",Projection and Realism in Humes Philosophy. By P. J. E. Kail,2009
2.3.3,1.0,"Ainslie, Donald C.",Projection and Realism in Humes Philosophy. By P. J. E. Kail,2009
1.4.6,1.001,"Biro, J. I.",Hume on Self-Identity and Memory,1976
1.4.5,6.016,"McIntyre, Jane L.",So Great a Question A Critical Study of Raymond Martin and John Barresi,2003
1.4.6,6.008,"McIntyre, Jane L.",So Great a Question A Critical Study of Raymond Martin and John Barresi,2003
2.1.2,2.0,"McIntyre, Jane L.",So Great a Question A Critical Study of Raymond Martin and John Barresi,2003
1.4.6,1.008,"Bricke, John","Penelhum, Terence. Themes in Hume The Self, the Will, Religion",2002
1.3.13,2.001,"Ainslie, Donald C.",The Problem of the National Self in Humes Theory of Justice,1995
2.1.2,0.334,"Ainslie, Donald C.",The Problem of the National Self in Humes Theory of Justice,1995
2.1.6,3.999,"Ainslie, Donald C.",The Problem of the National Self in Humes Theory of Justice,1995
2.1.9,0.333,"Ainslie, Donald C.",The Problem of the National Self in Humes Theory of Justice,1995
2.1.10,0.5,"Ainslie, Donald C.",The Problem of the National Self in Humes Theory of Justice,1995
2.1.11,6.501,"Ainslie, Donald C.",The Problem of the National Self in Humes Theory of Justice,1995
2.2.1,1.5,"Ainslie, Donald C.",The Problem of the National Self in Humes Theory of Justice,1995
2.2.2,1.499,"Ainslie, Donald C.",The Problem of the National Self in Humes Theory of Justice,1995
2.2.3,0.999,"Ainslie, Donald C.",The Problem of the National Self in Humes Theory of Justice,1995
2.2.4,1.333,"Ainslie, Donald C.",The Problem of the National Self in Humes Theory of Justice,1995
2.2.9,1.0,"Ainslie, Donald C.",The Problem of the National Self in Humes Theory of Justice,1995
2.3.1,1.998,"Ainslie, Donald C.",The Problem of the National Self in Humes Theory of Justice,1995
2.3.9,1.002,"Ainslie, Donald C.",The Problem of the National Self in Humes Theory of Justice,1995
3.2.1,0.25,"Ainslie, Donald C.",The Problem of the National Self in Humes Theory of Justice,1995
3.2.2,10.247,"Ainslie, Donald C.",The Problem of the National Self in Humes Theory of Justice,1995
3.2.5,0.999,"Ainslie, Donald C.",The Problem of the National Self in Humes Theory of Justice,1995
3.2.6,1.5,"Ainslie, Donald C.",The Problem of the National Self in Humes Theory of Justice,1995
3.2.7,1.999,"Ainslie, Donald C.",The Problem of the National Self in Humes Theory of Justice,1995
3.2.8,2.5,"Ainslie, Donald C.",The Problem of the National Self in Humes Theory of Justice,1995
3.2.9,1.0,"Ainslie, Donald C.",The Problem of the National Self in Humes Theory of Justice,1995
3.2.10,0.5,"Ainslie, Donald C.",The Problem of the National Self in Humes Theory of Justice,1995
3.2.11,2.0,"Ainslie, Donald C.",The Problem of the National Self in Humes Theory of Justice,1995
3.3.1,6.998,"Ainslie, Donald C.",The Problem of the National Self in Humes Theory of Justice,1995
1.4.2,0.975,"Flage, Daniel E.",Humes Philosophy of the Self,2004
1.4.3,1.001,"Flage, Daniel E.",Humes Philosophy of the Self,2004
1.4.4,1.0,"Flage, Daniel E.",Humes Philosophy of the Self,2004
1.4.6,2.008,"Flage, Daniel E.",Humes Philosophy of the Self,2004
1.4.6,3.024,"Scarre, Geoffrey",What Was Humes Worry About Personal Identity?,1983
1.1.1,9.0,"Stroud, Barry","The Evident Connexion Hume on Personal Identity, by Galen Strawson.",2013
1.1.2,1.0,"Stroud, Barry","The Evident Connexion Hume on Personal Identity, by Galen Strawson.",2013
1.1.3,1.5,"Stroud, Barry","The Evident Connexion Hume on Personal Identity, by Galen Strawson.",2013
1.1.4,21.504,"Stroud, Barry","The Evident Connexion Hume on Personal Identity, by Galen Strawson.",2013
1.1.5,6.0,"Stroud, Barry","The Evident Connexion Hume on Personal Identity, by Galen Strawson.",2013
1.1.6,1.0,"Stroud, Barry","The Evident Connexion Hume on Personal Identity, by Galen Strawson.",2013
1.1.7,7.001,"Stroud, Barry","The Evident Connexion Hume on Personal Identity, by Galen Strawson.",2013
1.2.3,1.0,"Stroud, Barry","The Evident Connexion Hume on Personal Identity, by Galen Strawson.",2013
1.2.4,12.5,"Stroud, Barry","The Evident Connexion Hume on Personal Identity, by Galen Strawson.",2013
1.2.5,4.0,"Stroud, Barry","The Evident Connexion Hume on Personal Identity, by Galen Strawson.",2013
1.2.6,2.0,"Stroud, Barry","The Evident Connexion Hume on Personal Identity, by Galen Strawson.",2013
1.3.1,2.0,"Stroud, Barry","The Evident Connexion Hume on Personal Identity, by Galen Strawson.",2013
1.3.5,1.0,"Stroud, Barry","The Evident Connexion Hume on Personal Identity, by Galen Strawson.",2013
1.3.6,4.0,"Stroud, Barry","The Evident Connexion Hume on Personal Identity, by Galen Strawson.",2013
1.3.7,1.5,"Stroud, Barry","The Evident Connexion Hume on Personal Identity, by Galen Strawson.",2013
1.3.8,1.0,"Stroud, Barry","The Evident Connexion Hume on Personal Identity, by Galen Strawson.",2013
1.3.9,1.0,"Stroud, Barry","The Evident Connexion Hume on Personal Identity, by Galen Strawson.",2013
1.3.10,1.0,"Stroud, Barry","The Evident Connexion Hume on Personal Identity, by Galen Strawson.",2013
1.3.12,1.0,"Stroud, Barry","The Evident Connexion Hume on Personal Identity, by Galen Strawson.",2013
1.3.14,37.034,"Stroud, Barry","The Evident Connexion Hume on Personal Identity, by Galen Strawson.",2013
1.3.15,6.0,"Stroud, Barry","The Evident Connexion Hume on Personal Identity, by Galen Strawson.",2013
1.3.16,3.0,"Stroud, Barry","The Evident Connexion Hume on Personal Identity, by Galen Strawson.",2013
1.4.2,42.327,"Stroud, Barry","The Evident Connexion Hume on Personal Identity, by Galen Strawson.",2013
1.4.3,4.501,"Stroud, Barry","The Evident Connexion Hume on Personal Identity, by Galen Strawson.",2013
1.4.4,2.0,"Stroud, Barry","The Evident Connexion Hume on Personal Identity, by Galen Strawson.",2013
1.4.5,42.027,"Stroud, Barry","The Evident Connexion Hume on Personal Identity, by Galen Strawson.",2013
1.4.6,26.184,"Stroud, Barry","The Evident Connexion Hume on Personal Identity, by Galen Strawson.",2013
1.4.7,11.0,"Stroud, Barry","The Evident Connexion Hume on Personal Identity, by Galen Strawson.",2013
2.1.2,1.0,"Stroud, Barry","The Evident Connexion Hume on Personal Identity, by Galen Strawson.",2013
2.1.5,1.0,"Stroud, Barry","The Evident Connexion Hume on Personal Identity, by Galen Strawson.",2013
2.1.8,1.0,"Stroud, Barry","The Evident Connexion Hume on Personal Identity, by Galen Strawson.",2013
2.1.9,1.0,"Stroud, Barry","The Evident Connexion Hume on Personal Identity, by Galen Strawson.",2013
2.1.11,5.0,"Stroud, Barry","The Evident Connexion Hume on Personal Identity, by Galen Strawson.",2013
2.2.1,1.0,"Stroud, Barry","The Evident Connexion Hume on Personal Identity, by Galen Strawson.",2013
2.2.2,3.0,"Stroud, Barry","The Evident Connexion Hume on Personal Identity, by Galen Strawson.",2013
2.2.4,2.0,"Stroud, Barry","The Evident Connexion Hume on Personal Identity, by Galen Strawson.",2013
2.2.6,6.0,"Stroud, Barry","The Evident Connexion Hume on Personal Identity, by Galen Strawson.",2013
2.2.11,1.0,"Stroud, Barry","The Evident Connexion Hume on Personal Identity, by Galen Strawson.",2013
2.3.1,1.0,"Stroud, Barry","The Evident Connexion Hume on Personal Identity, by Galen Strawson.",2013
2.3.7,2.0,"Stroud, Barry","The Evident Connexion Hume on Personal Identity, by Galen Strawson.",2013
3.1.1,1.0,"Stroud, Barry","The Evident Connexion Hume on Personal Identity, by Galen Strawson.",2013
App.,47.5,"Stroud, Barry","The Evident Connexion Hume on Personal Identity, by Galen Strawson.",2013
Abs,10.5,"Stroud, Barry","The Evident Connexion Hume on Personal Identity, by Galen Strawson.",2013
1.4.6,1.0,"Roth, Abe",The Evident Connexion Hume on Personal Identity by Galen Strawson,2013
1.3.14,1.008,"Waxman, Wayne",Humes Quandary Concerning Personal Identity,1992
1.4.6,10.08,"Waxman, Wayne",Humes Quandary Concerning Personal Identity,1992
1.3.14,1.0,"Coventry, Angela","Review P. J. E. Kail, Projection and Realism in Humes Philosophy",2008
1.4.7,1.0,"Coventry, Angela","Review P. J. E. Kail, Projection and Realism in Humes Philosophy",2008
App.,5.0,"Coventry, Angela","Review P. J. E. Kail, Projection and Realism in Humes Philosophy",2008
1.1.6,0.999,"Ainslie, Donald C.",Scepticism About Persons in Book II of Humes Treatise,1999
1.3.6,0.992,"Ainslie, Donald C.",Scepticism About Persons in Book II of Humes Treatise,1999
1.3.13,0.989,"Ainslie, Donald C.",Scepticism About Persons in Book II of Humes Treatise,1999
1.3.15,1.001,"Ainslie, Donald C.",Scepticism About Persons in Book II of Humes Treatise,1999
1.4.3,1.001,"Ainslie, Donald C.",Scepticism About Persons in Book II of Humes Treatise,1999
1.4.6,2.016,"Ainslie, Donald C.",Scepticism About Persons in Book II of Humes Treatise,1999
2.1.6,1.001,"Ainslie, Donald C.",Scepticism About Persons in Book II of Humes Treatise,1999
2.1.7,2.0,"Ainslie, Donald C.",Scepticism About Persons in Book II of Humes Treatise,1999
2.1.8,0.999,"Ainslie, Donald C.",Scepticism About Persons in Book II of Humes Treatise,1999
2.1.9,0.994,"Ainslie, Donald C.",Scepticism About Persons in Book II of Humes Treatise,1999
2.1.11,1.008,"Ainslie, Donald C.",Scepticism About Persons in Book II of Humes Treatise,1999
2.2.4,1.001,"Ainslie, Donald C.",Scepticism About Persons in Book II of Humes Treatise,1999
2.2.6,1.002,"Ainslie, Donald C.",Scepticism About Persons in Book II of Humes Treatise,1999
2.3.1,0.594,"Ainslie, Donald C.",Scepticism About Persons in Book II of Humes Treatise,1999
2.3.3,1.0,"Ainslie, Donald C.",Scepticism About Persons in Book II of Humes Treatise,1999
2.3.10,0.396,"Ainslie, Donald C.",Scepticism About Persons in Book II of Humes Treatise,1999
3.1.1,0.99,"Ainslie, Donald C.",Scepticism About Persons in Book II of Humes Treatise,1999
3.1.2,0.996,"Ainslie, Donald C.",Scepticism About Persons in Book II of Humes Treatise,1999
3.3.3,0.999,"Ainslie, Donald C.",Scepticism About Persons in Book II of Humes Treatise,1999
1.3.14,9.016,"Winkler, Kenneth P.",P.J.E. Kails Projection and Realism in Humes Philosophy,2010
1.4.4,2.0,"Winkler, Kenneth P.",P.J.E. Kails Projection and Realism in Humes Philosophy,2010
1.4.6,4.016,"Winkler, Kenneth P.",P.J.E. Kails Projection and Realism in Humes Philosophy,2010
App.,3.0,"Winkler, Kenneth P.",P.J.E. Kails Projection and Realism in Humes Philosophy,2010
1.4.5,0.111,"Roth, Robert J.",Hume and James on Personal Identity,1990
1.4.6,0.888,"Roth, Robert J.",Hume and James on Personal Identity,1990
1.1.1,1.0,"Pitson, Tony","The Evident Connexion Hume on Personal Identity. By Galen Strawson. Oxford Oxford University Press, 2011, Pp. Xii + 165. ISBN 9780199608508",2012
1.1.5,1.0,"Pitson, Tony","The Evident Connexion Hume on Personal Identity. By Galen Strawson. Oxford Oxford University Press, 2011, Pp. Xii + 165. ISBN 9780199608508",2012
1.1.7,1.0,"Pitson, Tony","The Evident Connexion Hume on Personal Identity. By Galen Strawson. Oxford Oxford University Press, 2011, Pp. Xii + 165. ISBN 9780199608508",2012
1.2.3,1.007,"Pitson, Tony","The Evident Connexion Hume on Personal Identity. By Galen Strawson. Oxford Oxford University Press, 2011, Pp. Xii + 165. ISBN 9780199608508",2012
1.2.5,2.0,"Pitson, Tony","The Evident Connexion Hume on Personal Identity. By Galen Strawson. Oxford Oxford University Press, 2011, Pp. Xii + 165. ISBN 9780199608508",2012
1.3.2,1.003,"Pitson, Tony","The Evident Connexion Hume on Personal Identity. By Galen Strawson. Oxford Oxford University Press, 2011, Pp. Xii + 165. ISBN 9780199608508",2012
1.4.2,2.0,"Pitson, Tony","The Evident Connexion Hume on Personal Identity. By Galen Strawson. Oxford Oxford University Press, 2011, Pp. Xii + 165. ISBN 9780199608508",2012
1.4.3,1.0,"Pitson, Tony","The Evident Connexion Hume on Personal Identity. By Galen Strawson. Oxford Oxford University Press, 2011, Pp. Xii + 165. ISBN 9780199608508",2012
1.4.5,2.0,"Pitson, Tony","The Evident Connexion Hume on Personal Identity. By Galen Strawson. Oxford Oxford University Press, 2011, Pp. Xii + 165. ISBN 9780199608508",2012
1.4.6,10.048,"Pitson, Tony","The Evident Connexion Hume on Personal Identity. By Galen Strawson. Oxford Oxford University Press, 2011, Pp. Xii + 165. ISBN 9780199608508",2012
2.2.6,1.0,"Pitson, Tony","The Evident Connexion Hume on Personal Identity. By Galen Strawson. Oxford Oxford University Press, 2011, Pp. Xii + 165. ISBN 9780199608508",2012
App.,2.0,"Pitson, Tony","The Evident Connexion Hume on Personal Identity. By Galen Strawson. Oxford Oxford University Press, 2011, Pp. Xii + 165. ISBN 9780199608508",2012
Abs,1.0,"Pitson, Tony","The Evident Connexion Hume on Personal Identity. By Galen Strawson. Oxford Oxford University Press, 2011, Pp. Xii + 165. ISBN 9780199608508",2012
1.1.1,0.999,"Henderson, Robert S.",David Hume on Personal Identity and the Indirect Passions,1990
1.4.1,0.333,"Henderson, Robert S.",David Hume on Personal Identity and the Indirect Passions,1990
1.4.2,0.666,"Henderson, Robert S.",David Hume on Personal Identity and the Indirect Passions,1990
1.4.5,0.333,"Henderson, Robert S.",David Hume on Personal Identity and the Indirect Passions,1990
1.4.6,5.661,"Henderson, Robert S.",David Hume on Personal Identity and the Indirect Passions,1990
2.1.1,3.123,"Henderson, Robert S.",David Hume on Personal Identity and the Indirect Passions,1990
2.1.2,6.874,"Henderson, Robert S.",David Hume on Personal Identity and the Indirect Passions,1990
2.1.3,3.0,"Henderson, Robert S.",David Hume on Personal Identity and the Indirect Passions,1990
2.1.6,2.999,"Henderson, Robert S.",David Hume on Personal Identity and the Indirect Passions,1990
2.1.8,1.332,"Henderson, Robert S.",David Hume on Personal Identity and the Indirect Passions,1990
2.1.9,0.666,"Henderson, Robert S.",David Hume on Personal Identity and the Indirect Passions,1990
2.1.11,1.001,"Henderson, Robert S.",David Hume on Personal Identity and the Indirect Passions,1990
2.2.1,1.0,"Henderson, Robert S.",David Hume on Personal Identity and the Indirect Passions,1990
2.2.5,0.999,"Henderson, Robert S.",David Hume on Personal Identity and the Indirect Passions,1990
2.3.3,1.0,"Henderson, Robert S.",David Hume on Personal Identity and the Indirect Passions,1990
3.1.2,0.999,"Henderson, Robert S.",David Hume on Personal Identity and the Indirect Passions,1990
App.,1.0,"Henderson, Robert S.",David Hume on Personal Identity and the Indirect Passions,1990
1.1.1,0.248,"Loeb, L. E.",Review P. J. E. Kail Projection and Realism in Humes Philosophy,2009
1.2.6,1.002,"Loeb, L. E.",Review P. J. E. Kail Projection and Realism in Humes Philosophy,2009
1.3.8,0.5,"Loeb, L. E.",Review P. J. E. Kail Projection and Realism in Humes Philosophy,2009
1.3.13,1.0,"Loeb, L. E.",Review P. J. E. Kail Projection and Realism in Humes Philosophy,2009
1.3.14,4.008,"Loeb, L. E.",Review P. J. E. Kail Projection and Realism in Humes Philosophy,2009
1.3.15,0.249,"Loeb, L. E.",Review P. J. E. Kail Projection and Realism in Humes Philosophy,2009
1.4.2,7.953,"Loeb, L. E.",Review P. J. E. Kail Projection and Realism in Humes Philosophy,2009
1.4.4,3.984,"Loeb, L. E.",Review P. J. E. Kail Projection and Realism in Humes Philosophy,2009
1.4.5,0.999,"Loeb, L. E.",Review P. J. E. Kail Projection and Realism in Humes Philosophy,2009
1.4.7,1.0,"Loeb, L. E.",Review P. J. E. Kail Projection and Realism in Humes Philosophy,2009
3.3.1,1.001,"Loeb, L. E.",Review P. J. E. Kail Projection and Realism in Humes Philosophy,2009
1.4.2,1.0,"Levin, Michael E.",Bundling Hume with Kripkenstein,2007
1.4.6,1.999,"Levin, Michael E.",Bundling Hume with Kripkenstein,2007
App.,0.998,"Levin, Michael E.",Bundling Hume with Kripkenstein,2007
1.1.4,1.0,"Garrett, Don",Once More Into the Labyrinth Kail\textquoterights Realist Explanation of Hume\textquoterights Second Thoughts About Personal Identity,2010
1.1.7,1.0,"Garrett, Don",Once More Into the Labyrinth Kail\textquoterights Realist Explanation of Hume\textquoterights Second Thoughts About Personal Identity,2010
1.3.14,5.0,"Garrett, Don",Once More Into the Labyrinth Kail\textquoterights Realist Explanation of Hume\textquoterights Second Thoughts About Personal Identity,2010
1.4.5,4.008,"Garrett, Don",Once More Into the Labyrinth Kail\textquoterights Realist Explanation of Hume\textquoterights Second Thoughts About Personal Identity,2010
1.4.6,6.008,"Garrett, Don",Once More Into the Labyrinth Kail\textquoterights Realist Explanation of Hume\textquoterights Second Thoughts About Personal Identity,2010
2.3.1,1.594,"Garrett, Don",Once More Into the Labyrinth Kail\textquoterights Realist Explanation of Hume\textquoterights Second Thoughts About Personal Identity,2010
2.3.10,0.396,"Garrett, Don",Once More Into the Labyrinth Kail\textquoterights Realist Explanation of Hume\textquoterights Second Thoughts About Personal Identity,2010
App.,6.0,"Garrett, Don",Once More Into the Labyrinth Kail\textquoterights Realist Explanation of Hume\textquoterights Second Thoughts About Personal Identity,2010
1.4.2,1.0,"Ware, Owen  Ainslie, Donald C.",Consciousness and Personal Identity,2014
1.4.6,9.0,"Ware, Owen  Ainslie, Donald C.",Consciousness and Personal Identity,2014
2.1.2,1.002,"Ware, Owen  Ainslie, Donald C.",Consciousness and Personal Identity,2014
2.1.4,1.0,"Ware, Owen  Ainslie, Donald C.",Consciousness and Personal Identity,2014
2.1.5,2.001,"Ware, Owen  Ainslie, Donald C.",Consciousness and Personal Identity,2014
2.1.6,3.001,"Ware, Owen  Ainslie, Donald C.",Consciousness and Personal Identity,2014
2.1.7,1.0,"Ware, Owen  Ainslie, Donald C.",Consciousness and Personal Identity,2014
2.1.8,1.0,"Ware, Owen  Ainslie, Donald C.",Consciousness and Personal Identity,2014
2.1.11,2.001,"Ware, Owen  Ainslie, Donald C.",Consciousness and Personal Identity,2014
1.2.3,1.007,"Loeb, Louis E.","Causation, Extrinsic Relations, and Humes Second Thoughts About Personal Identity",1992
1.2.5,0.99,"Loeb, Louis E.","Causation, Extrinsic Relations, and Humes Second Thoughts About Personal Identity",1992
1.3.14,8.056,"Loeb, Louis E.","Causation, Extrinsic Relations, and Humes Second Thoughts About Personal Identity",1992
1.3.16,0.999,"Loeb, Louis E.","Causation, Extrinsic Relations, and Humes Second Thoughts About Personal Identity",1992
1.4.2,0.975,"Loeb, Louis E.","Causation, Extrinsic Relations, and Humes Second Thoughts About Personal Identity",1992
1.4.5,1.008,"Loeb, Louis E.","Causation, Extrinsic Relations, and Humes Second Thoughts About Personal Identity",1992
1.4.6,9.064,"Loeb, Louis E.","Causation, Extrinsic Relations, and Humes Second Thoughts About Personal Identity",1992
1.1.1,1.0,"Winkler, Kenneth P.",All Is Revolution in Us Personal Identity in Shaftesbury and Hume,2000
1.1.4,0.999,"Winkler, Kenneth P.",All Is Revolution in Us Personal Identity in Shaftesbury and Hume,2000
1.3.14,2.0,"Winkler, Kenneth P.",All Is Revolution in Us Personal Identity in Shaftesbury and Hume,2000
1.4.2,3.999,"Winkler, Kenneth P.",All Is Revolution in Us Personal Identity in Shaftesbury and Hume,2000
1.4.5,3.999,"Winkler, Kenneth P.",All Is Revolution in Us Personal Identity in Shaftesbury and Hume,2000
1.4.6,22.651,"Winkler, Kenneth P.",All Is Revolution in Us Personal Identity in Shaftesbury and Hume,2000
1.4.7,5.333,"Winkler, Kenneth P.",All Is Revolution in Us Personal Identity in Shaftesbury and Hume,2000
3.3.6,0.999,"Winkler, Kenneth P.",All Is Revolution in Us Personal Identity in Shaftesbury and Hume,2000
App.,6.998,"Winkler, Kenneth P.",All Is Revolution in Us Personal Identity in Shaftesbury and Hume,2000
1.1.1,2.0,"Pitson, Tony",Skeptical Realism and Hume on the Self,2013
1.1.2,1.0,"Pitson, Tony",Skeptical Realism and Hume on the Self,2013
1.1.4,2.0,"Pitson, Tony",Skeptical Realism and Hume on the Self,2013
1.1.7,1.0,"Pitson, Tony",Skeptical Realism and Hume on the Self,2013
1.2.2,1.0,"Pitson, Tony",Skeptical Realism and Hume on the Self,2013
1.2.3,1.007,"Pitson, Tony",Skeptical Realism and Hume on the Self,2013
1.2.5,4.0,"Pitson, Tony",Skeptical Realism and Hume on the Self,2013
1.2.6,2.0,"Pitson, Tony",Skeptical Realism and Hume on the Self,2013
1.3.2,1.003,"Pitson, Tony",Skeptical Realism and Hume on the Self,2013
1.3.14,5.999,"Pitson, Tony",Skeptical Realism and Hume on the Self,2013
1.4.1,1.0,"Pitson, Tony",Skeptical Realism and Hume on the Self,2013
1.4.2,15.924,"Pitson, Tony",Skeptical Realism and Hume on the Self,2013
1.4.3,3.0,"Pitson, Tony",Skeptical Realism and Hume on the Self,2013
1.4.4,0.992,"Pitson, Tony",Skeptical Realism and Hume on the Self,2013
1.4.5,17.016,"Pitson, Tony",Skeptical Realism and Hume on the Self,2013
1.4.6,46.15,"Pitson, Tony",Skeptical Realism and Hume on the Self,2013
1.4.7,3.0,"Pitson, Tony",Skeptical Realism and Hume on the Self,2013
2.1.1,1.0,"Pitson, Tony",Skeptical Realism and Hume on the Self,2013
2.1.2,2.0,"Pitson, Tony",Skeptical Realism and Hume on the Self,2013
2.1.7,2.0,"Pitson, Tony",Skeptical Realism and Hume on the Self,2013
2.1.8,1.0,"Pitson, Tony",Skeptical Realism and Hume on the Self,2013
2.1.10,1.0,"Pitson, Tony",Skeptical Realism and Hume on the Self,2013
2.2.5,1.0,"Pitson, Tony",Skeptical Realism and Hume on the Self,2013
2.2.6,2.0,"Pitson, Tony",Skeptical Realism and Hume on the Self,2013
2.3.1,2.0,"Pitson, Tony",Skeptical Realism and Hume on the Self,2013
2.3.2,1.0,"Pitson, Tony",Skeptical Realism and Hume on the Self,2013
3.1.1,4.0,"Pitson, Tony",Skeptical Realism and Hume on the Self,2013
App.,13.0,"Pitson, Tony",Skeptical Realism and Hume on the Self,2013
Abs,7.0,"Pitson, Tony",Skeptical Realism and Hume on the Self,2013
1.1.1,2.0,"Pereira, Francisco",Hume y la Ficcíon de Identidad Personal,2014
1.2.5,2.0,"Pereira, Francisco",Hume y la Ficcíon de Identidad Personal,2014
1.2.6,5.0,"Pereira, Francisco",Hume y la Ficcíon de Identidad Personal,2014
1.3.2,1.0,"Pereira, Francisco",Hume y la Ficcíon de Identidad Personal,2014
1.3.7,1.0,"Pereira, Francisco",Hume y la Ficcíon de Identidad Personal,2014
1.3.14,1.0,"Pereira, Francisco",Hume y la Ficcíon de Identidad Personal,2014
1.4.2,6.0,"Pereira, Francisco",Hume y la Ficcíon de Identidad Personal,2014
1.4.5,2.008,"Pereira, Francisco",Hume y la Ficcíon de Identidad Personal,2014
1.4.6,19.016,"Pereira, Francisco",Hume y la Ficcíon de Identidad Personal,2014
2.1.11,1.0,"Pereira, Francisco",Hume y la Ficcíon de Identidad Personal,2014
2.1.12,1.998,"Pereira, Francisco",Hume y la Ficcíon de Identidad Personal,2014
App.,3.0,"Pereira, Francisco",Hume y la Ficcíon de Identidad Personal,2014
1.1.1,7.0,"Cottrell, Jonathan","Minds, Composition, and Humes Skepticism in the Appendix",2015
1.1.4,9.0,"Cottrell, Jonathan","Minds, Composition, and Humes Skepticism in the Appendix",2015
1.1.6,2.0,"Cottrell, Jonathan","Minds, Composition, and Humes Skepticism in the Appendix",2015
1.1.7,2.0,"Cottrell, Jonathan","Minds, Composition, and Humes Skepticism in the Appendix",2015
1.2.1,2.0,"Cottrell, Jonathan","Minds, Composition, and Humes Skepticism in the Appendix",2015
1.2.2,2.0,"Cottrell, Jonathan","Minds, Composition, and Humes Skepticism in the Appendix",2015
1.2.3,3.0,"Cottrell, Jonathan","Minds, Composition, and Humes Skepticism in the Appendix",2015
1.2.5,1.0,"Cottrell, Jonathan","Minds, Composition, and Humes Skepticism in the Appendix",2015
1.2.6,2.0,"Cottrell, Jonathan","Minds, Composition, and Humes Skepticism in the Appendix",2015
1.3.2,3.002,"Cottrell, Jonathan","Minds, Composition, and Humes Skepticism in the Appendix",2015
1.3.6,4.0,"Cottrell, Jonathan","Minds, Composition, and Humes Skepticism in the Appendix",2015
1.3.14,9.0,"Cottrell, Jonathan","Minds, Composition, and Humes Skepticism in the Appendix",2015
1.4.2,22.001,"Cottrell, Jonathan","Minds, Composition, and Humes Skepticism in the Appendix",2015
1.4.3,2.0,"Cottrell, Jonathan","Minds, Composition, and Humes Skepticism in the Appendix",2015
1.4.5,4.0,"Cottrell, Jonathan","Minds, Composition, and Humes Skepticism in the Appendix",2015
1.4.6,18.019,"Cottrell, Jonathan","Minds, Composition, and Humes Skepticism in the Appendix",2015
2.1.2,2.0,"Cottrell, Jonathan","Minds, Composition, and Humes Skepticism in the Appendix",2015
2.1.4,1.0,"Cottrell, Jonathan","Minds, Composition, and Humes Skepticism in the Appendix",2015
2.1.10,4.0,"Cottrell, Jonathan","Minds, Composition, and Humes Skepticism in the Appendix",2015
2.2.6,1.0,"Cottrell, Jonathan","Minds, Composition, and Humes Skepticism in the Appendix",2015
2.3.1,1.0,"Cottrell, Jonathan","Minds, Composition, and Humes Skepticism in the Appendix",2015
2.3.2,1.0,"Cottrell, Jonathan","Minds, Composition, and Humes Skepticism in the Appendix",2015
2.3.3,2.0,"Cottrell, Jonathan","Minds, Composition, and Humes Skepticism in the Appendix",2015
3.1.1,2.0,"Cottrell, Jonathan","Minds, Composition, and Humes Skepticism in the Appendix",2015
App.,75.986,"Cottrell, Jonathan","Minds, Composition, and Humes Skepticism in the Appendix",2015
Abs,20.0,"Cottrell, Jonathan","Minds, Composition, and Humes Skepticism in the Appendix",2015
1.3.2,13.015,"Rocknak, Stefanie",Imagined Causes Humes Conception of Objects,2012
1.4.2,56.201,"Rocknak, Stefanie",Imagined Causes Humes Conception of Objects,2012
1.4.5,1.0,"Rocknak, Stefanie",Imagined Causes Humes Conception of Objects,2012
1.4.6,127.345,"Rocknak, Stefanie",Imagined Causes Humes Conception of Objects,2012
App.,12.001,"Rocknak, Stefanie",Imagined Causes Humes Conception of Objects,2012
1.1.1,1.0,"Ainslie, Donald C.","Review Hume, a Scottish Socrates?",2003
1.3.8,0.999,"Ainslie, Donald C.","Review Hume, a Scottish Socrates?",2003
1.3.15,1.001,"Ainslie, Donald C.","Review Hume, a Scottish Socrates?",2003
1.4.2,2.975,"Ainslie, Donald C.","Review Hume, a Scottish Socrates?",2003
1.4.3,2.001,"Ainslie, Donald C.","Review Hume, a Scottish Socrates?",2003
1.4.6,13.023,"Ainslie, Donald C.","Review Hume, a Scottish Socrates?",2003
1.4.7,5.0,"Ainslie, Donald C.","Review Hume, a Scottish Socrates?",2003
2.1.2,2.002,"Ainslie, Donald C.","Review Hume, a Scottish Socrates?",2003
2.1.5,2.0,"Ainslie, Donald C.","Review Hume, a Scottish Socrates?",2003
2.1.6,1.0,"Ainslie, Donald C.","Review Hume, a Scottish Socrates?",2003
2.1.7,1.0,"Ainslie, Donald C.","Review Hume, a Scottish Socrates?",2003
2.1.8,1.0,"Ainslie, Donald C.","Review Hume, a Scottish Socrates?",2003
2.1.11,1.0,"Ainslie, Donald C.","Review Hume, a Scottish Socrates?",2003
2.2.1,1.0,"Ainslie, Donald C.","Review Hume, a Scottish Socrates?",2003
2.2.6,1.0,"Ainslie, Donald C.","Review Hume, a Scottish Socrates?",2003
2.3.2,1.0,"Ainslie, Donald C.","Review Hume, a Scottish Socrates?",2003
2.3.3,2.0,"Ainslie, Donald C.","Review Hume, a Scottish Socrates?",2003
2.3.10,1.0,"Ainslie, Donald C.","Review Hume, a Scottish Socrates?",2003
3.1.1,1.0,"Ainslie, Donald C.","Review Hume, a Scottish Socrates?",2003
3.1.2,2.0,"Ainslie, Donald C.","Review Hume, a Scottish Socrates?",2003
3.2.1,0.361,"Ainslie, Donald C.","Review Hume, a Scottish Socrates?",2003
3.2.2,1.0,"Ainslie, Donald C.","Review Hume, a Scottish Socrates?",2003
3.2.10,0.399,"Ainslie, Donald C.","Review Hume, a Scottish Socrates?",2003
3.2.11,0.095,"Ainslie, Donald C.","Review Hume, a Scottish Socrates?",2003
3.2.12,0.171,"Ainslie, Donald C.","Review Hume, a Scottish Socrates?",2003
3.3.1,2.992,"Ainslie, Donald C.","Review Hume, a Scottish Socrates?",2003
3.3.2,6.0,"Ainslie, Donald C.","Review Hume, a Scottish Socrates?",2003
3.3.3,1.0,"Ainslie, Donald C.","Review Hume, a Scottish Socrates?",2003
3.3.5,1.0,"Ainslie, Donald C.","Review Hume, a Scottish Socrates?",2003
3.3.6,1.0,"Ainslie, Donald C.","Review Hume, a Scottish Socrates?",2003
App.,3.0,"Ainslie, Donald C.","Review Hume, a Scottish Socrates?",2003
1.1.1,1.0,"Rocknak, Stefanie",Hume and the External World,2019
1.1.5,1.0,"Rocknak, Stefanie",Hume and the External World,2019
1.1.7,4.0,"Rocknak, Stefanie",Hume and the External World,2019
1.2.5,1.0,"Rocknak, Stefanie",Hume and the External World,2019
1.2.6,1.0,"Rocknak, Stefanie",Hume and the External World,2019
1.3.2,13.0,"Rocknak, Stefanie",Hume and the External World,2019
1.3.6,4.0,"Rocknak, Stefanie",Hume and the External World,2019
1.3.7,1.0,"Rocknak, Stefanie",Hume and the External World,2019
1.3.8,1.0,"Rocknak, Stefanie",Hume and the External World,2019
1.3.12,1.0,"Rocknak, Stefanie",Hume and the External World,2019
1.3.14,2.008,"Rocknak, Stefanie",Hume and the External World,2019
1.3.16,0.999,"Rocknak, Stefanie",Hume and the External World,2019
1.4.2,45.932,"Rocknak, Stefanie",Hume and the External World,2019
1.4.3,6.003,"Rocknak, Stefanie",Hume and the External World,2019
1.4.4,1.005,"Rocknak, Stefanie",Hume and the External World,2019
1.4.5,1.015,"Rocknak, Stefanie",Hume and the External World,2019
1.4.6,16.024,"Rocknak, Stefanie",Hume and the External World,2019
2.1.4,1.0,"Rocknak, Stefanie",Hume and the External World,2019
1.1.2,1.0,"Inukai, Yumiko",Humes Labyrinth The Bundling Problem,2007
1.1.3,1.0,"Inukai, Yumiko",Humes Labyrinth The Bundling Problem,2007
1.1.4,1.0,"Inukai, Yumiko",Humes Labyrinth The Bundling Problem,2007
1.1.5,1.0,"Inukai, Yumiko",Humes Labyrinth The Bundling Problem,2007
1.3.5,1.0,"Inukai, Yumiko",Humes Labyrinth The Bundling Problem,2007
1.3.6,1.0,"Inukai, Yumiko",Humes Labyrinth The Bundling Problem,2007
1.3.14,1.994,"Inukai, Yumiko",Humes Labyrinth The Bundling Problem,2007
1.4.2,4.975,"Inukai, Yumiko",Humes Labyrinth The Bundling Problem,2007
1.4.3,2.001,"Inukai, Yumiko",Humes Labyrinth The Bundling Problem,2007
1.4.5,1.0,"Inukai, Yumiko",Humes Labyrinth The Bundling Problem,2007
1.4.6,29.095,"Inukai, Yumiko",Humes Labyrinth The Bundling Problem,2007
App.,19.0,"Inukai, Yumiko",Humes Labyrinth The Bundling Problem,2007
1.4.6,0.999,"Lesser, Harry",Reids Criticism of Humes Theory of Personal Identity,1978
1.3.14,0.5,"Schwerin, Alan",Russell on Humes Account of the Self,2013
App.,0.5,"Schwerin, Alan",Russell on Humes Account of the Self,2013
1.1.1,2.0,"Kail, Peter J. E.",On Humes Appropriation of Malebranche Causation and Self,2008
1.1.7,1.0,"Kail, Peter J. E.",On Humes Appropriation of Malebranche Causation and Self,2008
1.2.5,3.0,"Kail, Peter J. E.",On Humes Appropriation of Malebranche Causation and Self,2008
1.3.1,2.0,"Kail, Peter J. E.",On Humes Appropriation of Malebranche Causation and Self,2008
1.3.2,1.0,"Kail, Peter J. E.",On Humes Appropriation of Malebranche Causation and Self,2008
1.3.14,7.0,"Kail, Peter J. E.",On Humes Appropriation of Malebranche Causation and Self,2008
1.4.2,1.0,"Kail, Peter J. E.",On Humes Appropriation of Malebranche Causation and Self,2008
1.4.3,6.001,"Kail, Peter J. E.",On Humes Appropriation of Malebranche Causation and Self,2008
1.4.5,2.008,"Kail, Peter J. E.",On Humes Appropriation of Malebranche Causation and Self,2008
1.4.6,5.0,"Kail, Peter J. E.",On Humes Appropriation of Malebranche Causation and Self,2008
1.4.7,2.0,"Kail, Peter J. E.",On Humes Appropriation of Malebranche Causation and Self,2008
Abs,2.0,"Kail, Peter J. E.",On Humes Appropriation of Malebranche Causation and Self,2008
1.1.1,3.0,"Spector, Jessica","Looking Through the Minds I Empiricism, Moral Psychology, and Humes Trouble with the Self",1998
1.1.2,1.0,"Spector, Jessica","Looking Through the Minds I Empiricism, Moral Psychology, and Humes Trouble with the Self",1998
1.1.4,3.0,"Spector, Jessica","Looking Through the Minds I Empiricism, Moral Psychology, and Humes Trouble with the Self",1998
1.1.5,1.0,"Spector, Jessica","Looking Through the Minds I Empiricism, Moral Psychology, and Humes Trouble with the Self",1998
1.1.6,1.999,"Spector, Jessica","Looking Through the Minds I Empiricism, Moral Psychology, and Humes Trouble with the Self",1998
1.2.1,2.0,"Spector, Jessica","Looking Through the Minds I Empiricism, Moral Psychology, and Humes Trouble with the Self",1998
1.2.2,2.988,"Spector, Jessica","Looking Through the Minds I Empiricism, Moral Psychology, and Humes Trouble with the Self",1998
1.2.3,8.027,"Spector, Jessica","Looking Through the Minds I Empiricism, Moral Psychology, and Humes Trouble with the Self",1998
1.2.4,1.0,"Spector, Jessica","Looking Through the Minds I Empiricism, Moral Psychology, and Humes Trouble with the Self",1998
1.2.6,1.0,"Spector, Jessica","Looking Through the Minds I Empiricism, Moral Psychology, and Humes Trouble with the Self",1998
1.3.1,1.168,"Spector, Jessica","Looking Through the Minds I Empiricism, Moral Psychology, and Humes Trouble with the Self",1998
1.3.2,2.006,"Spector, Jessica","Looking Through the Minds I Empiricism, Moral Psychology, and Humes Trouble with the Self",1998
1.3.3,2.988,"Spector, Jessica","Looking Through the Minds I Empiricism, Moral Psychology, and Humes Trouble with the Self",1998
1.3.6,1.001,"Spector, Jessica","Looking Through the Minds I Empiricism, Moral Psychology, and Humes Trouble with the Self",1998
1.3.7,1.0,"Spector, Jessica","Looking Through the Minds I Empiricism, Moral Psychology, and Humes Trouble with the Self",1998
1.3.10,0.252,"Spector, Jessica","Looking Through the Minds I Empiricism, Moral Psychology, and Humes Trouble with the Self",1998
1.3.11,0.273,"Spector, Jessica","Looking Through the Minds I Empiricism, Moral Psychology, and Humes Trouble with the Self",1998
1.3.12,0.546,"Spector, Jessica","Looking Through the Minds I Empiricism, Moral Psychology, and Humes Trouble with the Self",1998
1.3.13,0.483,"Spector, Jessica","Looking Through the Minds I Empiricism, Moral Psychology, and Humes Trouble with the Self",1998
1.3.14,4.876,"Spector, Jessica","Looking Through the Minds I Empiricism, Moral Psychology, and Humes Trouble with the Self",1998
1.3.15,0.273,"Spector, Jessica","Looking Through the Minds I Empiricism, Moral Psychology, and Humes Trouble with the Self",1998
1.3.16,0.189,"Spector, Jessica","Looking Through the Minds I Empiricism, Moral Psychology, and Humes Trouble with the Self",1998
1.4.1,5.0,"Spector, Jessica","Looking Through the Minds I Empiricism, Moral Psychology, and Humes Trouble with the Self",1998
1.4.2,14.957,"Spector, Jessica","Looking Through the Minds I Empiricism, Moral Psychology, and Humes Trouble with the Self",1998
1.4.3,2.001,"Spector, Jessica","Looking Through the Minds I Empiricism, Moral Psychology, and Humes Trouble with the Self",1998
1.4.4,2.984,"Spector, Jessica","Looking Through the Minds I Empiricism, Moral Psychology, and Humes Trouble with the Self",1998
1.4.5,5.016,"Spector, Jessica","Looking Through the Minds I Empiricism, Moral Psychology, and Humes Trouble with the Self",1998
1.4.6,23.016,"Spector, Jessica","Looking Through the Minds I Empiricism, Moral Psychology, and Humes Trouble with the Self",1998
1.4.7,10.008,"Spector, Jessica","Looking Through the Minds I Empiricism, Moral Psychology, and Humes Trouble with the Self",1998
2.1.1,1.0,"Spector, Jessica","Looking Through the Minds I Empiricism, Moral Psychology, and Humes Trouble with the Self",1998
2.1.2,6.0,"Spector, Jessica","Looking Through the Minds I Empiricism, Moral Psychology, and Humes Trouble with the Self",1998
2.1.3,1.0,"Spector, Jessica","Looking Through the Minds I Empiricism, Moral Psychology, and Humes Trouble with the Self",1998
2.1.4,2.0,"Spector, Jessica","Looking Through the Minds I Empiricism, Moral Psychology, and Humes Trouble with the Self",1998
2.1.5,6.0,"Spector, Jessica","Looking Through the Minds I Empiricism, Moral Psychology, and Humes Trouble with the Self",1998
2.1.7,2.0,"Spector, Jessica","Looking Through the Minds I Empiricism, Moral Psychology, and Humes Trouble with the Self",1998
2.1.8,1.0,"Spector, Jessica","Looking Through the Minds I Empiricism, Moral Psychology, and Humes Trouble with the Self",1998
2.1.9,1.0,"Spector, Jessica","Looking Through the Minds I Empiricism, Moral Psychology, and Humes Trouble with the Self",1998
2.1.10,1.0,"Spector, Jessica","Looking Through the Minds I Empiricism, Moral Psychology, and Humes Trouble with the Self",1998
2.1.11,4.0,"Spector, Jessica","Looking Through the Minds I Empiricism, Moral Psychology, and Humes Trouble with the Self",1998
2.1.12,1.0,"Spector, Jessica","Looking Through the Minds I Empiricism, Moral Psychology, and Humes Trouble with the Self",1998
2.2.1,5.08,"Spector, Jessica","Looking Through the Minds I Empiricism, Moral Psychology, and Humes Trouble with the Self",1998
2.2.2,4.97,"Spector, Jessica","Looking Through the Minds I Empiricism, Moral Psychology, and Humes Trouble with the Self",1998
2.2.3,3.0,"Spector, Jessica","Looking Through the Minds I Empiricism, Moral Psychology, and Humes Trouble with the Self",1998
2.2.5,2.0,"Spector, Jessica","Looking Through the Minds I Empiricism, Moral Psychology, and Humes Trouble with the Self",1998
2.2.8,1.0,"Spector, Jessica","Looking Through the Minds I Empiricism, Moral Psychology, and Humes Trouble with the Self",1998
2.2.10,4.2,"Spector, Jessica","Looking Through the Minds I Empiricism, Moral Psychology, and Humes Trouble with the Self",1998
2.2.11,0.72,"Spector, Jessica","Looking Through the Minds I Empiricism, Moral Psychology, and Humes Trouble with the Self",1998
2.2.12,0.96,"Spector, Jessica","Looking Through the Minds I Empiricism, Moral Psychology, and Humes Trouble with the Self",1998
2.3.1,2.376,"Spector, Jessica","Looking Through the Minds I Empiricism, Moral Psychology, and Humes Trouble with the Self",1998
2.3.2,2.0,"Spector, Jessica","Looking Through the Minds I Empiricism, Moral Psychology, and Humes Trouble with the Self",1998
2.3.10,1.584,"Spector, Jessica","Looking Through the Minds I Empiricism, Moral Psychology, and Humes Trouble with the Self",1998
3.2.1,2.166,"Spector, Jessica","Looking Through the Minds I Empiricism, Moral Psychology, and Humes Trouble with the Self",1998
3.2.2,7.048,"Spector, Jessica","Looking Through the Minds I Empiricism, Moral Psychology, and Humes Trouble with the Self",1998
3.2.3,2.016,"Spector, Jessica","Looking Through the Minds I Empiricism, Moral Psychology, and Humes Trouble with the Self",1998
3.2.10,2.394,"Spector, Jessica","Looking Through the Minds I Empiricism, Moral Psychology, and Humes Trouble with the Self",1998
3.2.11,0.57,"Spector, Jessica","Looking Through the Minds I Empiricism, Moral Psychology, and Humes Trouble with the Self",1998
3.2.12,1.026,"Spector, Jessica","Looking Through the Minds I Empiricism, Moral Psychology, and Humes Trouble with the Self",1998
3.3.1,4.96,"Spector, Jessica","Looking Through the Minds I Empiricism, Moral Psychology, and Humes Trouble with the Self",1998
3.3.2,2.016,"Spector, Jessica","Looking Through the Minds I Empiricism, Moral Psychology, and Humes Trouble with the Self",1998
3.3.3,2.997,"Spector, Jessica","Looking Through the Minds I Empiricism, Moral Psychology, and Humes Trouble with the Self",1998
3.3.5,1.0,"Spector, Jessica","Looking Through the Minds I Empiricism, Moral Psychology, and Humes Trouble with the Self",1998
3.3.6,1.0,"Spector, Jessica","Looking Through the Minds I Empiricism, Moral Psychology, and Humes Trouble with the Self",1998
1.1.1,1.0,"Purviance, Susan M.",The Moral Self and the Indirect Passions,1997
1.3.14,0.624,"Purviance, Susan M.",The Moral Self and the Indirect Passions,1997
1.4.5,0.111,"Purviance, Susan M.",The Moral Self and the Indirect Passions,1997
1.4.6,0.888,"Purviance, Susan M.",The Moral Self and the Indirect Passions,1997
2.1.1,1.749,"Purviance, Susan M.",The Moral Self and the Indirect Passions,1997
2.1.2,3.25,"Purviance, Susan M.",The Moral Self and the Indirect Passions,1997
2.1.3,2.0,"Purviance, Susan M.",The Moral Self and the Indirect Passions,1997
2.1.5,2.001,"Purviance, Susan M.",The Moral Self and the Indirect Passions,1997
2.1.9,0.999,"Purviance, Susan M.",The Moral Self and the Indirect Passions,1997
2.3.2,1.0,"Purviance, Susan M.",The Moral Self and the Indirect Passions,1997
App.,4.374,"Purviance, Susan M.",The Moral Self and the Indirect Passions,1997
1.1.1,0.999,"Humber, James M.",Humes Invisible Self,1995
1.1.3,0.083,"Humber, James M.",Humes Invisible Self,1995
1.1.4,0.531,"Humber, James M.",Humes Invisible Self,1995
1.1.5,0.364,"Humber, James M.",Humes Invisible Self,1995
1.1.6,0.028,"Humber, James M.",Humes Invisible Self,1995
1.3.14,2.0,"Humber, James M.",Humes Invisible Self,1995
1.4.2,2.001,"Humber, James M.",Humes Invisible Self,1995
1.4.3,1.0,"Humber, James M.",Humes Invisible Self,1995
1.4.5,1.999,"Humber, James M.",Humes Invisible Self,1995
1.4.6,7.659,"Humber, James M.",Humes Invisible Self,1995
1.4.7,0.333,"Humber, James M.",Humes Invisible Self,1995
App.,11.998,"Humber, James M.",Humes Invisible Self,1995
1.1.2,3.0,"Penelhum, Terence","Themes in Hume The Self, the Will, Religion",2000
1.1.4,1.001,"Penelhum, Terence","Themes in Hume The Self, the Will, Religion",2000
1.2.5,0.99,"Penelhum, Terence","Themes in Hume The Self, the Will, Religion",2000
1.2.6,1.001,"Penelhum, Terence","Themes in Hume The Self, the Will, Religion",2000
1.4.2,6.825,"Penelhum, Terence","Themes in Hume The Self, the Will, Religion",2000
1.4.6,38.304,"Penelhum, Terence","Themes in Hume The Self, the Will, Religion",2000
2.1.1,0.105,"Penelhum, Terence","Themes in Hume The Self, the Will, Religion",2000
2.1.2,5.01,"Penelhum, Terence","Themes in Hume The Self, the Will, Religion",2000
2.1.3,1.001,"Penelhum, Terence","Themes in Hume The Self, the Will, Religion",2000
2.1.5,2.002,"Penelhum, Terence","Themes in Hume The Self, the Will, Religion",2000
2.1.6,2.002,"Penelhum, Terence","Themes in Hume The Self, the Will, Religion",2000
2.1.10,0.273,"Penelhum, Terence","Themes in Hume The Self, the Will, Religion",2000
2.1.11,4.473,"Penelhum, Terence","Themes in Hume The Self, the Will, Religion",2000
2.1.12,0.189,"Penelhum, Terence","Themes in Hume The Self, the Will, Religion",2000
2.2.1,0.54,"Penelhum, Terence","Themes in Hume The Self, the Will, Religion",2000
2.2.6,1.002,"Penelhum, Terence","Themes in Hume The Self, the Will, Religion",2000
2.2.8,1.008,"Penelhum, Terence","Themes in Hume The Self, the Will, Religion",2000
2.2.10,0.6,"Penelhum, Terence","Themes in Hume The Self, the Will, Religion",2000
2.2.11,0.36,"Penelhum, Terence","Themes in Hume The Self, the Will, Religion",2000
2.2.12,0.48,"Penelhum, Terence","Themes in Hume The Self, the Will, Religion",2000
1.2.6,2.998,"Robison, Wade L.",Hume on Personal Identity,1974
1.3.1,0.5,"Robison, Wade L.",Hume on Personal Identity,1974
1.3.14,3.998,"Robison, Wade L.",Hume on Personal Identity,1974
1.4.2,2.997,"Robison, Wade L.",Hume on Personal Identity,1974
1.4.5,3.831,"Robison, Wade L.",Hume on Personal Identity,1974
1.4.6,19.166,"Robison, Wade L.",Hume on Personal Identity,1974
App.,5.498,"Robison, Wade L.",Hume on Personal Identity,1974
1.1.5,1.0,"Thiel, Udo",The Early Modern Subject Self-Consciousness and Personal Identity From Descartes to Hume,2011
1.2.3,1.007,"Thiel, Udo",The Early Modern Subject Self-Consciousness and Personal Identity From Descartes to Hume,2011
1.4.2,2.925,"Thiel, Udo",The Early Modern Subject Self-Consciousness and Personal Identity From Descartes to Hume,2011
1.4.5,8.064,"Thiel, Udo",The Early Modern Subject Self-Consciousness and Personal Identity From Descartes to Hume,2011
1.4.6,3.024,"Thiel, Udo",The Early Modern Subject Self-Consciousness and Personal Identity From Descartes to Hume,2011
1.1.2,1.0,"Strawson, Galen",All My Hopes Vanish Hume on the Mind,2012
1.1.4,17.003,"Strawson, Galen",All My Hopes Vanish Hume on the Mind,2012
1.1.7,4.0,"Strawson, Galen",All My Hopes Vanish Hume on the Mind,2012
1.2.4,1.0,"Strawson, Galen",All My Hopes Vanish Hume on the Mind,2012
1.3.1,1.0,"Strawson, Galen",All My Hopes Vanish Hume on the Mind,2012
1.3.14,6.032,"Strawson, Galen",All My Hopes Vanish Hume on the Mind,2012
1.3.16,2.0,"Strawson, Galen",All My Hopes Vanish Hume on the Mind,2012
1.4.2,8.9,"Strawson, Galen",All My Hopes Vanish Hume on the Mind,2012
1.4.5,1.008,"Strawson, Galen",All My Hopes Vanish Hume on the Mind,2012
1.4.6,22.032,"Strawson, Galen",All My Hopes Vanish Hume on the Mind,2012
1.4.7,2.0,"Strawson, Galen",All My Hopes Vanish Hume on the Mind,2012
2.1.2,1.0,"Strawson, Galen",All My Hopes Vanish Hume on the Mind,2012
2.1.11,2.0,"Strawson, Galen",All My Hopes Vanish Hume on the Mind,2012
2.2.2,1.0,"Strawson, Galen",All My Hopes Vanish Hume on the Mind,2012
2.2.4,1.0,"Strawson, Galen",All My Hopes Vanish Hume on the Mind,2012
2.2.6,2.0,"Strawson, Galen",All My Hopes Vanish Hume on the Mind,2012
2.3.2,1.0,"Strawson, Galen",All My Hopes Vanish Hume on the Mind,2012
2.3.7,1.0,"Strawson, Galen",All My Hopes Vanish Hume on the Mind,2012
App.,22.996,"Strawson, Galen",All My Hopes Vanish Hume on the Mind,2012
Abs,4.0,"Strawson, Galen",All My Hopes Vanish Hume on the Mind,2012
1.1.1,1.0,"Carlson, Åsa",There Is Just One Idea of Self in Humes Treatise,2009
1.3.9,1.0,"Carlson, Åsa",There Is Just One Idea of Self in Humes Treatise,2009
1.4.2,1.0,"Carlson, Åsa",There Is Just One Idea of Self in Humes Treatise,2009
1.4.6,12.999,"Carlson, Åsa",There Is Just One Idea of Self in Humes Treatise,2009
2.1.1,2.0,"Carlson, Åsa",There Is Just One Idea of Self in Humes Treatise,2009
2.1.2,2.0,"Carlson, Åsa",There Is Just One Idea of Self in Humes Treatise,2009
2.1.4,1.0,"Carlson, Åsa",There Is Just One Idea of Self in Humes Treatise,2009
2.1.5,2.0,"Carlson, Åsa",There Is Just One Idea of Self in Humes Treatise,2009
2.1.8,1.0,"Carlson, Åsa",There Is Just One Idea of Self in Humes Treatise,2009
2.1.10,1.0,"Carlson, Åsa",There Is Just One Idea of Self in Humes Treatise,2009
2.1.11,10.0,"Carlson, Åsa",There Is Just One Idea of Self in Humes Treatise,2009
2.2.1,1.0,"Carlson, Åsa",There Is Just One Idea of Self in Humes Treatise,2009
2.2.2,8.0,"Carlson, Åsa",There Is Just One Idea of Self in Humes Treatise,2009
2.3.7,1.0,"Carlson, Åsa",There Is Just One Idea of Self in Humes Treatise,2009
3.1.2,1.0,"Carlson, Åsa",There Is Just One Idea of Self in Humes Treatise,2009
App.,2.0,"Carlson, Åsa",There Is Just One Idea of Self in Humes Treatise,2009
1.1.1,4.001,"Ainslie, Donald C.",Hume on Personal Identity,2008
1.1.6,1.999,"Ainslie, Donald C.",Hume on Personal Identity,2008
1.2.3,1.0,"Ainslie, Donald C.",Hume on Personal Identity,2008
1.3.6,1.0,"Ainslie, Donald C.",Hume on Personal Identity,2008
1.3.8,2.008,"Ainslie, Donald C.",Hume on Personal Identity,2008
1.4.2,7.952,"Ainslie, Donald C.",Hume on Personal Identity,2008
1.4.3,3.003,"Ainslie, Donald C.",Hume on Personal Identity,2008
1.4.5,3.0,"Ainslie, Donald C.",Hume on Personal Identity,2008
1.4.6,17.007,"Ainslie, Donald C.",Hume on Personal Identity,2008
1.4.7,2.008,"Ainslie, Donald C.",Hume on Personal Identity,2008
2.2.6,1.002,"Ainslie, Donald C.",Hume on Personal Identity,2008
2.3.9,0.992,"Ainslie, Donald C.",Hume on Personal Identity,2008
App.,14.996,"Ainslie, Donald C.",Hume on Personal Identity,2008
1.3.14,6.0,"Swain, Corliss Gayda",Personal Identity and the Skeptical System of Philosophy,2006
1.3.15,1.001,"Swain, Corliss Gayda",Personal Identity and the Skeptical System of Philosophy,2006
1.4.2,2.0,"Swain, Corliss Gayda",Personal Identity and the Skeptical System of Philosophy,2006
1.4.3,2.0,"Swain, Corliss Gayda",Personal Identity and the Skeptical System of Philosophy,2006
1.4.5,3.0,"Swain, Corliss Gayda",Personal Identity and the Skeptical System of Philosophy,2006
1.4.6,29.0,"Swain, Corliss Gayda",Personal Identity and the Skeptical System of Philosophy,2006
1.4.7,3.0,"Swain, Corliss Gayda",Personal Identity and the Skeptical System of Philosophy,2006
2.1.11,2.0,"Swain, Corliss Gayda",Personal Identity and the Skeptical System of Philosophy,2006
3.2.1,1.0,"Swain, Corliss Gayda",Personal Identity and the Skeptical System of Philosophy,2006
App.,12.0,"Swain, Corliss Gayda",Personal Identity and the Skeptical System of Philosophy,2006
1.1.1,2.0,"Davie, William",Hume on Perceptions and Persons,1984
1.2.6,1.002,"Davie, William",Hume on Perceptions and Persons,1984
1.4.2,1.998,"Davie, William",Hume on Perceptions and Persons,1984
1.4.5,1.333,"Davie, William",Hume on Perceptions and Persons,1984
1.4.6,4.665,"Davie, William",Hume on Perceptions and Persons,1984
1.4.7,0.999,"Davie, William",Hume on Perceptions and Persons,1984
1.2.6,1.0,"Penelhum, Terence",The Self of Book 1 and the Selves of Book 2,1992
1.4.2,0.999,"Penelhum, Terence",The Self of Book 1 and the Selves of Book 2,1992
1.4.6,5.013,"Penelhum, Terence",The Self of Book 1 and the Selves of Book 2,1992
2.1.1,0.25,"Penelhum, Terence",The Self of Book 1 and the Selves of Book 2,1992
2.1.2,2.748,"Penelhum, Terence",The Self of Book 1 and the Selves of Book 2,1992
2.1.5,1.001,"Penelhum, Terence",The Self of Book 1 and the Selves of Book 2,1992
2.1.6,1.0,"Penelhum, Terence",The Self of Book 1 and the Selves of Book 2,1992
2.1.11,1.008,"Penelhum, Terence",The Self of Book 1 and the Selves of Book 2,1992
2.2.5,0.999,"Penelhum, Terence",The Self of Book 1 and the Selves of Book 2,1992
3.2.1,0.999,"Penelhum, Terence",The Self of Book 1 and the Selves of Book 2,1992
1.1.5,0.28,"Flage, Daniel E.  Glass, Ronald J.",Hume on the Cartesian Theory of Substance,1984
1.1.6,0.39,"Flage, Daniel E.  Glass, Ronald J.",Hume on the Cartesian Theory of Substance,1984
1.1.7,1.0,"Flage, Daniel E.  Glass, Ronald J.",Hume on the Cartesian Theory of Substance,1984
1.2.3,1.0,"Flage, Daniel E.  Glass, Ronald J.",Hume on the Cartesian Theory of Substance,1984
1.2.6,0.999,"Flage, Daniel E.  Glass, Ronald J.",Hume on the Cartesian Theory of Substance,1984
1.4.5,13.001,"Flage, Daniel E.  Glass, Ronald J.",Hume on the Cartesian Theory of Substance,1984
1.4.6,0.333,"Flage, Daniel E.  Glass, Ronald J.",Hume on the Cartesian Theory of Substance,1984
1.3.14,1.5,"Swain, Corliss Gayda",Being Sure of Ones Self Hume on Personal Identity,1991
1.4.2,1.999,"Swain, Corliss Gayda",Being Sure of Ones Self Hume on Personal Identity,1991
1.4.3,15.0,"Swain, Corliss Gayda",Being Sure of Ones Self Hume on Personal Identity,1991
1.4.5,4.014,"Swain, Corliss Gayda",Being Sure of Ones Self Hume on Personal Identity,1991
1.4.6,10.663,"Swain, Corliss Gayda",Being Sure of Ones Self Hume on Personal Identity,1991
1.4.7,0.333,"Swain, Corliss Gayda",Being Sure of Ones Self Hume on Personal Identity,1991
App.,8.496,"Swain, Corliss Gayda",Being Sure of Ones Self Hume on Personal Identity,1991
1.4.6,6.663,"GalIagher, Shaun",The Theater of Personal Identity From Hume to Derrida,1992
1.4.7,0.333,"GalIagher, Shaun",The Theater of Personal Identity From Hume to Derrida,1992
1.4.5,0.666,"Schwerin, Alan",Hume on the Self,2012
1.4.6,17.319,"Schwerin, Alan",Hume on the Self,2012
